{
    "eta" : 0.5,
    "beta"  : 0.2,
    "lamb"  : 0.3,
    "mu" : 1.4,
    "delta" : 0.1,
    "epsilon" : 1.0,
    "phi" : 0.15,
    "gamma" : 0.45,
    "LR_IMG" : 0.01,
    "LR_TXT" : 0.01,
    "LABEL_DIR" : "E:/BaiduNetdiskDownload/Cleared-Set/mirflickr/mirflickr25k-lall.mat",
    "TXT_DIR" : "E:/BaiduNetdiskDownload/Cleared-Set/mirflickr/mirflickr25k-yall.mat",
    "IMG_DIR" : "E:/BaiduNetdiskDownload/Cleared-Set/mirflickr/mirflickr25k-iall.mat",
    "HASH_BIT" : 128,
    "BATCH_SIZE" : 32,
    "MOMENTUM" : 0.9,
    "WEIGHT_DECAY" : 5e-4,
    "GPU_ID" : 0,
    "NUM_WORKERS" : 0,
    "EPOCH_INTERVAL" : 1,
    "NUM_EPOCH" : 20,
    "topk" : 5000,
    "EVAL_INTERVAL" : 1,
    "MODEL_DIR" : "./checkpoints",
    "CHECKPOINT" : "flikcr_128bit.pth"
}
